PRAGMA foreign_keys=OFF;
BEGIN TRANSACTION;
CREATE TABLE users (id INTEGER PRIMARY KEY AUTOINCREMENT, username VARCHAR(20) UNIQUE NOT NULL, password VARCHAR(20) NOT NULL, isAdmin BOOLEAN NOT NULL DEFAULT FALSE);
INSERT INTO users VALUES(1,'alice','password123',0);
INSERT INTO users VALUES(2,'bob','qwerty456',0);
INSERT INTO users VALUES(3,'charlie','letmein789',0);
INSERT INTO users VALUES(4,'admin','adminpass',1);
INSERT INTO users VALUES(5,'andrea','123',1);
CREATE TABLE games (id INTEGER PRIMARY KEY AUTOINCREMENT,user_id INTEGER NOT NULL,game_date TEXT NOT NULL,difficulty VARCHAR(20) NOT NULL,score INTEGER NOT NULL,FOREIGN KEY (user_id) REFERENCES users(id) ON DELETE CASCADE);
INSERT INTO games VALUES(1,1,'2025-07-10','EASY',120);
INSERT INTO games VALUES(2,2,'2025-07-11','MEDIUM',200);
INSERT INTO games VALUES(3,3,'2025-07-12','HARD',150);
INSERT INTO games VALUES(4,1,'2025-07-12','MEDIUM',180);
INSERT INTO games VALUES(5,1,'2025-07-15T12:28:42.917','EASY',1);
INSERT INTO games VALUES(6,1,'2025-07-15T12:36:23.083','EASY',1);
INSERT INTO games VALUES(7,1,'2025-07-15T12:38:04.915','EASY',1);
INSERT INTO games VALUES(8,1,'2025-07-15T12:38:04.915','EASY',1);
INSERT INTO games VALUES(9,1,'2025-07-15T12:43:16.423','EASY',-3);
INSERT INTO games VALUES(10,2,'2025-07-15T15:37:01.470','EASY',12);
INSERT INTO games VALUES(11,2,'2025-07-15T15:37:01.470','EASY',12);
INSERT INTO games VALUES(12,2,'2025-07-15T16:27:52.993','EASY',4);
INSERT INTO games VALUES(13,2,'2025-07-15T16:27:52.993','EASY',4);
INSERT INTO games VALUES(14,2,'2025-07-15T16:35:37.378','EASY',0);
INSERT INTO games VALUES(15,2,'2025-07-15T16:36:02.748','EASY',0);
INSERT INTO games VALUES(16,2,'2025-07-15T16:39:13.967','EASY',0);
INSERT INTO games VALUES(17,2,'2025-07-15T16:53:21.926','MEDIUM',0);
INSERT INTO games VALUES(18,2,'2025-07-15T17:00:31.386','MEDIUM',-4);
INSERT INTO games VALUES(19,2,'2025-07-15T17:46:48.551','EASY',0);
INSERT INTO games VALUES(20,2,'2025-07-15T17:58:09.825','EASY',0);
INSERT INTO games VALUES(21,2,'2025-07-15T17:58:27.481','EASY',0);
INSERT INTO games VALUES(22,2,'2025-07-15T17:58:53.528','EASY',0);
INSERT INTO games VALUES(23,2,'2025-07-15T17:59:20.715','EASY',0);
INSERT INTO games VALUES(24,2,'2025-07-15T18:01:14.389','EASY',0);
INSERT INTO games VALUES(25,2,'2025-07-15T19:28:22.137','EASY',0);
INSERT INTO games VALUES(26,2,'2025-07-16T12:10:32.580','MEDIUM',0);
INSERT INTO games VALUES(27,2,'2025-07-16T12:13:57.899','MEDIUM',14);
INSERT INTO games VALUES(28,2,'2025-07-16T17:22:45.086','EASY',4);
INSERT INTO sqlite_sequence VALUES('users',5);
INSERT INTO sqlite_sequence VALUES('games',28);
COMMIT;